Ref,Player,Nation,Pos,Squad,Born,Age,Matches_played,Starts,Minutes,90s,Gls,Ast,G+A,G-PK,PK,PKatt,CrdY,CrdR,xG,npxG,xAG,npxG+xAG,PrgC,PrgP,PrgR,Gls,Ast,G+A,G-PK,G+A-PK,xG,xAG,xG+xAG,npxG,npxG+xAG
1,Princess Ademiluyi,ENG,"FW,MF",West Ham,2006,18,6,0,42,0.5,0,1,1,0,0,0,0,0,0,0,0,0,2,0,8,0,2.14,2.14,0,2.14,0,0,0,0,0
2,Alyssa Aherne,ENG,MF,Everton,2004,20,1,0,1,0,0,0,0,0,0,0,0,0,0,0,0,0,0,0,0,0,0,0,0,0,0,0,0,0,0
3,Olga Ahtinen,FIN,MF,Tottenham,,,11,9,788,8.8,1,2,3,1,0,0,2,0,0.3,0.3,1.1,1.4,8,60,9,0.11,0.23,0.34,0.11,0.34,0.03,0.12,0.15,0.03,0.15
4,Asmita Ale,ENG,DF,Leicester City,2001,23,1,0,1,0,0,0,0,0,0,0,0,0,0,0,0,0,0,1,0,0,0,0,0,0,0,0,0,0,0
5,Asmita Ale,ENG,"MF,DF",Tottenham,2001,23,5,1,131,1.5,0,0,0,0,0,0,0,0,0,0,0.1,0.1,3,8,8,0,0,0,0,0,0,0.1,0.1,0,0.1
6,Laia Aleixandri,ESP,DF,Manchester City,2000,24,15,15,1278,14.2,1,3,4,1,0,0,3,1,0.5,0.3,0.7,0.9,19,95,12,0.07,0.21,0.28,0.07,0.28,0.03,0.05,0.08,0.02,0.07
7,Filippa Angeldahl,SWE,MF,Manchester City,1997,27,11,8,624,6.9,0,0,0,0,0,0,2,0,1.2,1.2,0.8,1.9,7,53,51,0,0,0,0,0,0.17,0.11,0.28,0.17,0.28
8,Mackenzie Arnold,AUS,GK,West Ham,1994,30,12,12,1080,12,0,0,0,0,0,0,0,0,0,0,0,0,0,1,1,0,0,0,0,0,0,0,0,0,0
9,Brooke Aspin,ENG,DF,Bristol City,2005,19,11,10,830,9.2,2,0,2,2,0,0,2,0,0.6,0.6,0,0.6,0,11,0,0.22,0,0.22,0.22,0.22,0.06,0,0.07,0.06,0.07
10,Viviane Asseyi,FRA,"FW,MF",West Ham,1993,31,15,15,1281,14.2,6,1,7,3,3,3,4,0,6.4,4,0.4,4.4,25,41,92,0.42,0.07,0.49,0.21,0.28,0.45,0.03,0.48,0.28,0.31
11,Izzy Atkinson,IRL,"MF,FW",West Ham,2001,23,7,1,172,1.9,0,0,0,0,0,0,1,0,0.3,0.3,0,0.3,7,5,17,0,0,0,0,0,0.16,0,0.16,0.16,0.16
12,Rosella Ayane,MAR,"MF,FW",Tottenham,1996,28,8,0,154,1.7,0,0,0,0,0,0,0,0,0.3,0.3,0.5,0.8,6,4,19,0,0,0,0,0,0.18,0.28,0.46,0.18,0.46
13,Sophie Baggaley,ENG,GK,Brighton,1996,28,14,14,1260,14,0,0,0,0,0,0,0,0,0,0,0,0,0,0,0,0,0,0,0,0,0,0,0,0,0
14,Ava Baker,ENG,"FW,MF",Leicester City,2006,18,6,0,66,0.7,0,0,0,0,0,0,0,0,0.2,0.2,0.1,0.3,0,1,7,0,0,0,0,0,0.29,0.13,0.42,0.29,0.42
15,Molly Bartrip,ENG,DF,Tottenham,1996,28,15,15,1350,15,0,0,0,0,0,0,3,0,0,0,0.1,0.1,0,35,1,0,0,0,0,0,0,0,0,0,0
16,Jennifer Beattie,SCO,DF,Arsenal,1991,33,3,2,172,1.9,0,0,0,0,0,0,0,0,0.1,0.1,0,0.1,0,4,0,0,0,0,0,0,0.06,0,0.06,0.06,0.06
17,Agnes Beever-Jones,ENG,"FW,MF",Chelsea,2003,21,11,1,254,2.8,5,1,6,5,0,0,0,0,2,2,0.5,2.4,15,8,43,1.77,0.35,2.13,1.77,2.13,0.7,0.17,0.87,0.7,0.87
18,Hanna Bennison,SWE,MF,Everton,2002,22,15,11,955,10.6,1,1,2,1,0,0,1,0,0.3,0.3,0.9,1.2,19,38,21,0.09,0.09,0.19,0.09,0.19,0.03,0.09,0.12,0.03,0.12
19,Francesca Bentley,ENG,GK,Bristol City,2001,23,1,1,90,1,0,0,0,0,0,0,0,0,0,0,0,0,0,0,0,0,0,0,0,0,0,0,0,0,0
20,Ann-Katrin Berger,GER,GK,Chelsea,1990,34,5,5,450,5,0,0,0,0,0,0,0,0,0,0,0,0,0,0,0,0,0,0,0,0,0,0,0,0,0
21,Marika Bergman-Lundin,SWE,MF,West Ham,1999,25,3,0,18,0.2,0,0,0,0,0,0,0,0,0,0,0,0,0,1,0,0,0,0,0,0,0,0,0,0,0
22,Guro Bergsvand,NOR,DF,Brighton,1994,30,15,15,1350,15,1,0,1,1,0,0,2,0,0.5,0.5,0.2,0.7,5,39,4,0.07,0,0.07,0.07,0.07,0.04,0.01,0.05,0.04,0.05
23,Emma Bissell,ENG,"FW,DF",Everton,2001,23,15,5,532,5.9,0,0,0,0,0,0,0,0,0.6,0.6,0,0.6,12,13,38,0,0,0,0,0,0.1,0.01,0.1,0.1,0.1
24,Nathalie Björn,SWE,DF,Chelsea,1997,27,5,5,450,5,1,1,2,1,0,0,0,0,0.3,0.3,0.4,0.7,1,20,1,0.2,0.2,0.4,0.2,0.4,0.06,0.08,0.14,0.06,0.14
25,Nathalie Björn,SWE,DF,Everton,1997,27,8,6,559,6.2,1,0,1,0,1,1,1,0,1,0.2,0.2,0.4,1,19,7,0.16,0,0.16,0,0,0.16,0.03,0.2,0.03,0.07
26,Stina Blackstenius,SWE,"FW,MF",Arsenal,1996,28,13,3,360,4,4,0,4,4,0,0,0,0,5.7,5.7,0.6,6.4,13,11,35,1,0,1,1,1,1.43,0.16,1.59,1.43,1.59
27,Julie Blakstad,NOR,"DF,MF",Manchester City,2001,23,4,1,112,1.2,0,0,0,0,0,0,0,0,0.2,0.2,0.1,0.2,3,11,8,0,0,0,0,0,0.13,0.04,0.17,0.13,0.17
28,Laura Blindkilde,ENG,MF,Aston Villa,2003,21,9,8,631,7,0,0,0,0,0,0,0,0,0.1,0.1,0.5,0.6,5,19,36,0,0,0,0,0,0.02,0.06,0.08,0.02,0.08
29,Laura Blindkilde,ENG,FW,Manchester City,2003,21,1,0,1,0,0,0,0,0,0,0,0,0,0,0,0,0,0,0,0,0,0,0,0,0,0,0,0,0,0
30,Hannah Blundell,ENG,DF,Manchester Utd,1994,30,15,15,1332,14.8,1,2,3,1,0,0,1,0,0.3,0.3,0.6,0.9,16,95,41,0.07,0.14,0.2,0.07,0.2,0.02,0.04,0.06,0.02,0.06
31,Missy Bo Kearns,ENG,"MF,FW",Liverpool,2001,23,14,7,641,7.1,0,1,1,0,0,0,1,0,1.3,1.3,1.5,2.7,3,17,44,0,0.14,0.14,0,0.14,0.18,0.21,0.38,0.18,0.38
32,Gemma Bonner,ENG,DF,Liverpool,1991,33,15,15,1263,14,1,0,1,1,0,0,5,0,0.7,0.7,0.2,0.9,2,34,1,0.07,0,0.07,0.07,0.07,0.05,0.01,0.06,0.05,0.06
33,CJ Bott,NZL,"DF,MF",Leicester City,1995,29,13,10,881,9.8,0,0,0,0,0,0,1,0,0.1,0.1,0.2,0.3,22,48,14,0,0,0,0,0,0.01,0.02,0.03,0.01,0.03
34,Ellie Brazil,ENG,"MF,FW",Tottenham,1999,25,2,0,26,0.3,0,0,0,0,0,0,0,0,0.1,0.1,0,0.1,3,2,5,0,0,0,0,0,0.24,0,0.24,0.24,0.24
35,Pauline Bremer,GER,"FW,MF",Brighton,1996,28,14,13,1075,11.9,2,2,4,2,0,0,0,0,1.5,1.5,1.7,3.1,31,24,97,0.17,0.17,0.33,0.17,0.33,0.12,0.14,0.26,0.12,0.26
36,Millie Bright,ENG,DF,Chelsea,1993,31,6,6,527,5.9,1,0,1,1,0,0,0,0,1,1,0.5,1.5,1,30,1,0.17,0,0.17,0.17,0.17,0.16,0.08,0.25,0.16,0.25
37,Courtney Brosnan,IRL,GK,Everton,1995,29,13,13,1170,13,0,0,0,0,0,0,2,0,0,0,0,0,0,0,0,0,0,0,0,0,0,0,0,0,0
38,Kadeisha Buchanan,CAN,DF,Chelsea,1995,29,4,2,179,2,0,0,0,0,0,0,0,0,0,0,0.1,0.1,0,4,1,0,0,0,0,0,0,0.03,0.03,0,0.03
39,Luana Bühler,SUI,DF,Tottenham,1996,28,9,9,693,7.7,0,0,0,0,0,0,0,0,0.1,0.1,0,0.1,0,10,1,0,0,0,0,0,0.01,0,0.01,0.01,0.01
40,Jasmine Bull,ENG,MF,Bristol City,2002,22,3,0,30,0.3,0,0,0,0,0,0,0,0,0,0,0,0,0,1,1,0,0,0,0,0,0,0,0,0,0
41,Hannah Cain,WAL,"FW,MF",Leicester City,1999,25,8,4,452,5,0,2,2,0,0,0,2,0,0.1,0.1,1.1,1.2,16,8,32,0,0.4,0.4,0,0.4,0.03,0.22,0.25,0.03,0.25
42,Megan Campbell,IRL,"MF,DF",Everton,1993,31,6,0,80,0.9,0,0,0,0,0,0,1,0,0,0,0.4,0.5,2,3,1,0,0,0,0,0,0.03,0.48,0.51,0.03,0.51
43,Jelena Čanković,SRB,"MF,FW",Chelsea,1995,29,8,2,280,3.1,0,2,2,0,0,0,1,0,0.6,0.6,1,1.6,4,36,13,0,0.64,0.64,0,0.64,0.2,0.32,0.52,0.2,0.52
44,Jorelyn Carabalí,COL,"DF,MF",Brighton,1997,27,7,5,461,5.1,0,0,0,0,0,0,1,0,0.2,0.2,0,0.2,4,9,1,0,0,0,0,0,0.05,0,0.05,0.05,0.05
45,Jess Carter,ENG,DF,Chelsea,1997,27,15,14,1274,14.2,0,1,1,0,0,0,0,0,0.5,0.5,0.9,1.4,10,81,4,0,0.07,0.07,0,0.07,0.03,0.06,0.1,0.03,0.1
46,Kerstin Casparij,NED,DF,Manchester City,2000,24,12,6,614,6.8,0,0,0,0,0,0,0,0,0.1,0.1,0.1,0.2,25,41,30,0,0,0,0,0,0.02,0.01,0.03,0.02,0.03
47,Deyna Castellanos,VEN,"MF,FW",Manchester City,1999,25,5,1,142,1.6,0,0,0,0,0,0,1,0,0.3,0.3,0.3,0.6,5,13,11,0,0,0,0,0,0.19,0.17,0.36,0.19,0.36
48,Steph Catley,AUS,DF,Arsenal,1994,30,15,12,1110,12.3,1,2,3,1,0,0,0,0,0.7,0.7,2,2.7,22,85,61,0.08,0.16,0.24,0.08,0.24,0.06,0.16,0.22,0.06,0.22
49,Janice Cayman,BEL,"DF,MF",Leicester City,1988,36,14,13,1122,12.5,4,0,4,4,0,0,1,0,1.9,1.9,0.8,2.7,4,53,32,0.32,0,0.32,0.32,0.32,0.15,0.07,0.22,0.15,0.22
50,Niamh Charles,ENG,"DF,MF",Chelsea,1999,25,15,15,1316,14.6,1,5,6,1,0,0,3,1,1.5,1.5,2.9,4.4,54,103,116,0.07,0.34,0.41,0.07,0.41,0.1,0.2,0.3,0.1,0.3
51,Hawa Cissoko,FRA,DF,West Ham,1997,27,14,14,1195,13.3,1,0,1,1,0,0,7,1,0.5,0.5,0.2,0.7,6,28,6,0.08,0,0.08,0.08,0.08,0.04,0.02,0.05,0.04,0.05
52,Jenna Clark,SCO,DF,Liverpool,2001,23,14,11,1026,11.4,0,0,0,0,0,0,0,0,0.3,0.3,0.1,0.4,2,34,2,0,0,0,0,0,0.03,0.01,0.04,0.03,0.04
53,Olivia Clark,WAL,GK,Bristol City,2001,23,7,6,584,6.5,0,0,0,0,0,0,0,0,0,0,0,0,0,0,0,0,0,0,0,0,0,0,0,0,0
54,Grace Clinton,ENG,"MF,FW",Tottenham,2003,21,14,14,1152,12.8,4,2,6,4,0,0,2,0,1.6,1.6,2.5,4.1,45,63,85,0.31,0.16,0.47,0.31,0.47,0.12,0.2,0.32,0.12,0.32
55,Laia Codina,ESP,DF,Arsenal,2000,24,4,4,286,3.2,0,0,0,0,0,0,0,0,0,0,0,0,2,17,1,0,0,0,0,0,0.01,0,0.01,0.01,0.01
56,Megan Connolly,IRL,"DF,MF",Bristol City,1997,27,15,15,1300,14.4,1,1,2,1,0,0,3,0,0.2,0.2,0.6,0.8,1,24,5,0.07,0.07,0.14,0.07,0.14,0.02,0.04,0.05,0.02,0.05
57,Shannon Cooke,ENG,DF,West Ham,2000,24,13,8,743,8.3,0,0,0,0,0,0,2,0,0.2,0.2,0,0.2,3,26,1,0,0,0,0,0,0.02,0,0.02,0.02,0.02
58,Laura Coombs,ENG,MF,Manchester City,1991,33,10,7,606,6.7,2,1,3,2,0,0,0,0,2.4,2.4,0.4,2.8,6,22,39,0.3,0.15,0.45,0.3,0.45,0.36,0.06,0.42,0.36,0.42
59,Kyra Cooney-Cross,AUS,MF,Arsenal,2002,22,9,3,380,4.2,0,2,2,0,0,0,0,0,0.2,0.2,0.8,1.1,8,26,9,0,0.47,0.47,0,0.47,0.06,0.2,0.26,0.06,0.26
60,Rachel Corsie,SCO,"DF,MF",Aston Villa,1989,35,15,14,1222,13.6,0,2,2,0,0,0,3,0,1.4,1.4,0.9,2.2,2,64,7,0,0.15,0.15,0,0.15,0.1,0.06,0.17,0.1,0.17
61,Erin Cuthbert,SCO,MF,Chelsea,1998,26,13,12,988,11,3,0,3,3,0,0,1,0,2.3,2.3,1,3.3,11,76,25,0.27,0,0.27,0.27,0.27,0.21,0.09,0.3,0.21,0.3
62,Sabrina D'Angelo,CAN,GK,Arsenal,1993,31,2,2,180,2,0,0,0,0,0,0,0,0,0,0,0,0,0,0,0,0,0,0,0,0,0,0,0,0,0
63,Eleanor Dale,ENG,FW,Everton,2002,22,1,0,1,0,0,0,0,0,0,0,0,0,0,0,0,0,0,0,2,0,0,0,0,0,0,0,0,0,0
64,Kenza Dali,FRA,"MF,FW",Aston Villa,1991,33,10,9,825,9.2,0,1,1,0,0,0,0,0,0.9,0.9,2.3,3.2,36,80,72,0,0.11,0.11,0,0.11,0.09,0.25,0.35,0.09,0.35
65,Rachel Daly,ENG,FW,Aston Villa,1991,33,13,13,1170,13,6,0,6,4,2,2,1,0,5.6,4.1,0.6,4.7,11,33,72,0.46,0,0.46,0.31,0.31,0.43,0.05,0.48,0.31,0.36
66,Yana Daniels,BEL,"FW,DF",Liverpool,1992,32,7,2,192,2.1,0,1,1,0,0,0,2,0,0.3,0.3,0.2,0.5,0,6,5,0,0.47,0.47,0,0.47,0.13,0.09,0.22,0.13,0.22
67,Lily Dent,ENG,"MF,FW",Brighton,2006,18,3,0,14,0.2,0,0,0,0,0,0,0,0,0,0,0,0,0,1,1,0,0,0,0,0,0,0,0,0,0
68,Anouk Denton,ENG,"DF,MF",West Ham,2003,21,9,7,611,6.8,0,0,0,0,0,0,1,0,0.1,0.1,0.5,0.6,10,20,17,0,0,0,0,0,0.01,0.08,0.09,0.01,0.09
69,Daphne van Domselaar,NED,GK,Aston Villa,2000,24,14,14,1260,14,0,0,0,0,0,0,0,0,0,0,0,0,0,0,0,0,0,0,0,0,0,0,0,0,0
70,Denny Draper,ENG,MF,Leicester City,,,4,0,21,0.2,1,0,1,1,0,0,0,0,,,,,,,,4.29,0,4.29,4.29,4.29,,,,,
71,Toni Duggan,ENG,FW,Everton,1991,33,10,1,209,2.3,0,0,0,0,0,0,0,0,0.2,0.2,0.2,0.4,1,6,12,0,0,0,0,0,0.08,0.07,0.15,0.08,0.15
72,Mary Earps,ENG,GK,Manchester Utd,1993,31,15,15,1350,15,0,0,0,0,0,0,0,0,0,0,0,0,0,0,0,0,0,0,0,0,0,0,0,0,0
73,Mia Enderby,ENG,"FW,MF",Liverpool,2005,19,8,2,211,2.3,0,1,1,0,0,0,2,0,0.3,0.3,0.1,0.4,5,2,19,0,0.43,0.43,0,0.43,0.11,0.05,0.16,0.11,0.16
74,Bethany England,ENG,FW,Tottenham,1994,30,7,6,433,4.8,0,0,0,0,0,0,0,0,1.7,1.7,0,1.7,3,8,22,0,0,0,0,0,0.35,0.01,0.35,0.35,0.35
75,Gemma Evans,WAL,DF,Manchester Utd,1996,28,8,1,186,2.1,0,0,0,0,0,0,1,0,0,0,0.1,0.1,2,8,2,0,0,0,0,0,0,0.03,0.03,0,0.03
76,Lisa Evans,SCO,"FW,MF",Bristol City,1992,32,4,2,199,2.2,0,0,0,0,0,0,0,0,0.2,0.2,0.2,0.4,5,4,13,0,0,0,0,0,0.08,0.09,0.17,0.08,0.17
77,Lisa Evans,SCO,"MF,DF",West Ham,1992,32,9,8,718,8,1,1,2,1,0,0,1,0,0.2,0.2,1.4,1.6,23,26,60,0.13,0.13,0.25,0.13,0.25,0.03,0.17,0.2,0.03,0.2
78,Nicky Evrard,BEL,GK,Brighton,1995,29,1,1,90,1,0,0,0,0,0,0,0,0,0,0,0,0,0,0,0,0,0,0,0,0,0,0,0,0,0
79,Niamh Fahey,IRL,DF,Liverpool,1987,37,6,4,344,3.8,0,0,0,0,0,0,1,0,0.1,0.1,0,0.1,2,6,2,0,0,0,0,0,0.03,0,0.03,0.03,0.03
80,Melisa Filis,ENG,MF,West Ham,2002,22,9,2,345,3.8,0,0,0,0,0,0,1,0,0.2,0.2,0.1,0.3,0,14,9,0,0,0,0,0,0.05,0.03,0.08,0.05,0.08
81,Megan Finnigan,ENG,DF,Everton,1998,26,14,14,1260,14,3,0,3,3,0,0,2,0,0.6,0.6,0.5,1,1,16,3,0.21,0,0.21,0.21,0.21,0.04,0.04,0.07,0.04,0.07
82,Mia Fishel,USA,FW,Chelsea,2001,23,10,4,341,3.8,1,1,2,1,0,0,0,0,1.4,1.4,1.6,2.9,8,7,41,0.26,0.26,0.53,0.26,0.53,0.36,0.41,0.77,0.36,0.77
83,Grace Fisk,ENG,DF,Liverpool,1998,26,15,15,1305,14.5,1,1,2,1,0,0,3,0,0.5,0.5,0.6,1.1,16,69,17,0.07,0.07,0.14,0.07,0.14,0.03,0.04,0.08,0.03,0.08
84,Keira Flannery,ENG,MF,West Ham,2005,19,2,0,22,0.2,0,0,0,0,0,0,0,0,0,0,0,0,1,1,1,0,0,0,0,0,0,0,0,0,0
85,Jessie Fleming,CAN,"MF,FW",Chelsea,1998,26,10,4,402,4.5,1,3,4,1,0,0,1,0,1.8,1.8,1.9,3.7,13,22,19,0.22,0.67,0.9,0.22,0.9,0.39,0.43,0.82,0.39,0.82
86,Natasha Flint,ENG,"FW,DF",Liverpool,1996,28,6,2,223,2.5,1,0,1,1,0,0,0,0,0.3,0.3,0,0.3,2,3,19,0.4,0,0.4,0.4,0.4,0.13,0.01,0.14,0.13,0.14
87,Caitlin Foord,AUS,FW,Arsenal,1994,30,15,13,1164,12.9,4,2,6,4,0,0,4,0,3.9,3.9,1.8,5.7,53,54,202,0.31,0.15,0.46,0.31,0.46,0.3,0.14,0.44,0.3,0.44
88,Mary Fowler,AUS,"FW,MF",Manchester City,2003,21,14,6,563,6.3,0,2,2,0,0,0,0,0,0.5,0.5,0.7,1.2,10,25,64,0,0.32,0.32,0,0.32,0.08,0.11,0.19,0.08,0.19
89,Emily Fox,USA,DF,Arsenal,1998,26,3,3,270,3,0,1,1,0,0,0,0,0,0,0,0.9,0.9,10,39,21,0,0.33,0.33,0,0.33,0.02,0.29,0.3,0.02,0.3
90,Rachel Furness,NIR,"MF,FW",Bristol City,1988,36,6,5,411,4.6,1,1,2,1,0,0,2,0,0.3,0.3,0.1,0.4,2,7,3,0.22,0.22,0.44,0.22,0.44,0.06,0.02,0.08,0.06,0.08
91,Aurora Galli,ITA,MF,Everton,1996,28,14,14,1135,12.6,3,1,4,2,1,1,2,0,1.4,0.7,0.5,1.2,9,35,19,0.24,0.08,0.32,0.16,0.24,0.11,0.04,0.15,0.05,0.09
92,Leah Galton,ENG,"FW,DF",Manchester Utd,1994,30,14,10,979,10.9,1,2,3,1,0,0,0,0,2.8,2.8,0.7,3.4,18,30,106,0.09,0.18,0.28,0.09,0.28,0.25,0.06,0.32,0.25,0.32
93,Lucía García,ESP,FW,Manchester Utd,1998,26,15,8,738,8.2,3,1,4,3,0,0,1,0,3.1,3.1,1.3,4.4,24,19,90,0.37,0.12,0.49,0.37,0.49,0.38,0.16,0.54,0.38,0.54
94,Gabrielle George,ENG,DF,Manchester Utd,1997,27,3,3,188,2.1,0,1,1,0,0,0,0,0,0.1,0.1,1,1,7,8,8,0,0.48,0.48,0,0.48,0.03,0.47,0.5,0.03,0.5
95,Lee Geum-min,KOR,"FW,MF",Brighton,1994,30,13,4,505,5.6,1,1,2,1,0,0,1,0,0.7,0.7,0.6,1.3,7,26,39,0.18,0.18,0.36,0.18,0.36,0.12,0.11,0.23,0.12,0.23
96,Geyse,BRA,FW,Manchester Utd,1998,26,12,10,804,8.9,1,2,3,1,0,0,1,0,2.3,2.3,1.4,3.8,54,17,64,0.11,0.22,0.34,0.11,0.34,0.26,0.16,0.42,0.26,0.42
97,Missy Goodwin,ENG,"FW,DF",Leicester City,2003,21,12,5,464,5.2,1,0,1,1,0,0,0,0,0.5,0.5,0.5,1,10,12,36,0.19,0,0.19,0.19,0.19,0.09,0.11,0.2,0.09,0.2
98,Katrina Gorry,AUS,MF,West Ham,1992,32,5,5,448,5,0,0,0,0,0,0,1,0,0.4,0.4,0.2,0.6,7,23,12,0,0,0,0,0,0.09,0.04,0.13,0.09,0.13
99,Kit Graham,ENG,"MF,FW",Tottenham,1995,29,12,4,423,4.7,0,0,0,0,0,0,1,0,0.3,0.3,0.3,0.7,3,20,11,0,0,0,0,0,0.07,0.07,0.14,0.07,0.14
100,Lucy Graham,SCO,"DF,MF",Everton,1996,28,8,5,391,4.3,0,0,0,0,0,0,1,0,0.5,0.5,0.2,0.7,10,16,22,0,0,0,0,0,0.11,0.05,0.16,0.11,0.16
101,Charlotte Grant,AUS,DF,Tottenham,2001,23,4,3,240,2.7,0,0,0,0,0,0,1,0,0,0,0.2,0.2,2,5,3,0,0,0,0,0,0.01,0.06,0.07,0.01,0.07
102,Josephine Green,WAL,DF,Leicester City,1993,31,13,9,788,8.8,0,0,0,0,0,0,5,0,0,0,0.2,0.3,16,43,6,0,0,0,0,0,0,0.02,0.03,0,0.03
103,Alex Greenwood,ENG,DF,Manchester City,1993,31,13,13,1117,12.4,0,3,3,0,0,0,3,1,0.7,0.7,1.7,2.4,13,88,5,0,0.24,0.24,0,0.24,0.05,0.14,0.19,0.05,0.19
104,Freya Gregory,ENG,DF,Aston Villa,2003,21,1,0,13,0.1,0,0,0,0,0,0,0,0,0,0,0,0,2,1,0,0,0,0,0,0,0,0,0,0,0
105,Irene Guerrero,ESP,MF,Manchester Utd,1996,28,3,0,29,0.3,0,1,1,0,0,0,0,0,0,0,0.6,0.6,0,3,3,0,3.1,3.1,0,3.1,0.07,1.75,1.82,0.07,1.82
106,Benedicte Håland,NOR,GK,Bristol City,1998,26,1,0,2,0,0,0,0,0,0,0,0,0,0,0,0,0,0,0,0,0,0,0,0,0,0,0,0,0,0
107,Madison Haley,USA,FW,Brighton,1998,26,6,1,170,1.9,1,0,1,1,0,0,0,0,1,1,0.2,1.2,3,3,10,0.53,0,0.53,0.53,0.53,0.55,0.09,0.64,0.55,0.64
108,Maika Hamano,JPN,FW,Chelsea,2004,20,2,0,29,0.3,0,0,0,0,0,0,0,0,0.2,0.2,0,0.2,0,4,6,0,0,0,0,0,0.49,0,0.49,0.49,0.49
109,Hannah Hampton,ENG,GK,Chelsea,2000,24,6,6,540,6,0,0,0,0,0,0,0,0,0,0,0,0,0,1,0,0,0,0,0,0,0,0,0,0,0
110,Kirsty Hanson,SCO,FW,Aston Villa,1998,26,12,9,864,9.6,0,1,1,0,0,0,1,1,1.3,1.3,1.4,2.7,48,23,101,0,0.1,0.1,0,0.1,0.14,0.15,0.28,0.14,0.28
111,Emma Harries,ENG,"FW,MF",West Ham,2002,22,11,5,460,5.1,0,0,0,0,0,0,1,0,0.8,0.8,0.5,1.3,9,9,23,0,0,0,0,0,0.16,0.09,0.26,0.16,0.26
112,Abigail Harrison,SCO,"FW,MF",Bristol City,1997,27,9,7,538,6,1,2,3,1,0,0,2,0,0.5,0.5,0.6,1.2,3,12,24,0.17,0.33,0.5,0.17,0.5,0.09,0.11,0.19,0.09,0.19
113,Yui Hasegawa,JPN,MF,Manchester City,1997,27,15,15,1321,14.7,0,1,1,0,0,0,0,0,0.4,0.4,1.1,1.4,8,83,19,0,0.07,0.07,0,0.07,0.02,0.07,0.1,0.02,0.1
114,Honoka Hayashi,JPN,MF,West Ham,1998,26,14,14,1091,12.1,2,1,3,2,0,0,0,0,0.9,0.9,0.6,1.5,8,64,17,0.16,0.08,0.25,0.16,0.25,0.08,0.05,0.12,0.08,0.12
115,Shania Hayles,JAM,"FW,MF",Bristol City,1999,25,11,0,133,1.5,0,0,0,0,0,0,1,0,0.2,0.2,0.1,0.3,3,3,17,0,0,0,0,0,0.13,0.05,0.18,0.13,0.18
116,Lauren Hemp,ENG,"FW,MF",Manchester City,2000,24,14,12,1128,12.5,7,3,10,7,0,0,3,1,3.1,3.1,4.1,7.2,53,43,137,0.56,0.24,0.8,0.56,0.8,0.24,0.33,0.57,0.24,0.57
117,Taylor Hinds,ENG,"DF,MF",Liverpool,1999,25,11,11,962,10.7,2,1,3,2,0,0,4,0,1,1,0.8,1.8,23,52,53,0.19,0.09,0.28,0.19,0.28,0.1,0.07,0.17,0.1,0.17
118,Marie-Therese Höbinger,AUT,MF,Liverpool,2001,23,15,12,962,10.7,4,2,6,4,0,0,0,0,0.9,0.9,3.4,4.4,5,75,42,0.37,0.19,0.56,0.37,0.56,0.08,0.32,0.41,0.08,0.41
119,Isabella Hobson,ENG,DF,Everton,2007,17,1,0,1,0,0,0,0,0,0,0,0,0,0,0,0,0,0,0,0,0,0,0,0,0,0,0,0,0,0
120,Ceri Holland,WAL,"MF,FW",Liverpool,1997,27,12,12,1067,11.9,2,1,3,2,0,0,4,1,2,2,1,3,16,38,49,0.17,0.08,0.25,0.17,0.25,0.17,0.08,0.25,0.17,0.25
121,Karen Holmgaard,DEN,"DF,MF",Everton,1999,25,7,3,303,3.4,1,0,1,1,0,0,1,0,0.1,0.1,0.2,0.3,3,9,3,0.3,0,0.3,0.3,0.3,0.02,0.05,0.08,0.02,0.08
122,Sara Holmgaard,DEN,DF,Everton,1999,25,7,7,527,5.9,0,1,1,0,0,0,1,0,0.2,0.2,0.4,0.6,8,16,24,0,0.17,0.17,0,0.17,0.03,0.08,0.11,0.03,0.11
123,Steph Houghton,ENG,"DF,MF",Manchester City,1988,36,3,0,33,0.4,0,0,0,0,0,0,0,0,0,0,0,0,0,5,0,0,0,0,0,0,0,0,0,0,0
124,Sophie Howard,SCO,DF,Leicester City,1993,31,15,12,1089,12.1,0,0,0,0,0,0,2,0,0.6,0.6,0,0.6,0,24,3,0,0,0,0,0,0.05,0,0.05,0.05,0.05
125,Lina Hurtig,SWE,FW,Arsenal,1995,29,2,0,52,0.6,1,0,1,1,0,0,0,0,1.2,1.2,0.5,1.7,4,3,8,1.73,0,1.73,1.73,1.73,2.09,0.92,3,2.09,3
126,Celin Ildhusøy,NOR,"FW,MF",Tottenham,2001,23,15,15,1185,13.2,4,1,5,4,0,0,0,0,2.4,2.4,1.3,3.7,52,33,101,0.3,0.08,0.38,0.3,0.38,0.18,0.1,0.28,0.18,0.28
127,Amanda Ilestedt,SWE,DF,Arsenal,1993,31,12,10,945,10.5,1,0,1,1,0,0,0,0,1,0.8,0.1,0.9,5,51,6,0.1,0,0.1,0.1,0.1,0.1,0.01,0.11,0.08,0.09
128,Sophie Ingle,WAL,MF,Chelsea,1991,33,10,7,623,6.9,0,2,2,0,0,0,0,0,0.9,0.9,0.8,1.7,3,54,8,0,0.29,0.29,0,0.29,0.13,0.12,0.25,0.13,0.25
129,Angharad James,WAL,"DF,MF",Tottenham,1994,30,11,11,984,10.9,0,0,0,0,0,0,1,0,0.4,0.4,0.3,0.7,12,54,24,0,0,0,0,0,0.04,0.03,0.06,0.04,0.06
130,Lauren James,ENG,"FW,MF",Chelsea,2001,23,13,12,957,10.6,12,1,13,12,0,0,5,0,4.9,4.9,2,6.9,40,57,72,1.13,0.09,1.22,1.13,1.22,0.46,0.19,0.65,0.46,0.65
131,Olivia Johnson,,,Brighton,,,1,0,1,0,0,0,0,0,0,0,0,0,,,,,,,,0,0,0,0,0,,,,,
132,Carrie Jones,WAL,"MF,FW",Bristol City,2003,21,14,14,1190,13.2,3,0,3,3,0,0,1,0,1.6,1.6,0.3,1.9,22,33,39,0.23,0,0.23,0.23,0.23,0.12,0.02,0.15,0.12,0.15
133,Khiara Keating,ENG,GK,Manchester City,2004,20,15,15,1350,15,0,0,0,0,0,0,1,0,0,0,0,0,0,0,0,0,0,0,0,0,0,0,0,0,0
134,Chloe Kelly,ENG,FW,Manchester City,1998,26,15,15,1250,13.9,5,4,9,4,1,2,3,0,4.7,3.2,4.2,7.4,64,50,224,0.36,0.29,0.65,0.29,0.58,0.34,0.3,0.64,0.23,0.53
135,Maya Kendall,,,Bristol City,,,1,0,1,0,0,0,0,0,0,0,0,0,,,,,,,,0,0,0,0,0,,,,,
136,Alanna Kennedy,AUS,DF,Manchester City,1995,29,10,9,766,8.5,0,0,0,0,0,0,0,0,0.5,0.5,0,0.5,5,44,1,0,0,0,0,0,0.06,0,0.06,0.06,0.06
137,Sam Kerr,AUS,FW,Chelsea,1993,31,8,7,584,6.5,4,2,6,4,0,0,0,0,3.1,3.1,1.6,4.7,7,13,74,0.62,0.31,0.92,0.62,0.92,0.48,0.25,0.73,0.48,0.73
138,Leanne Kiernan,IRL,"FW,DF",Liverpool,1999,25,7,0,141,1.6,0,2,2,0,0,0,0,0,0.7,0.7,1.1,1.8,5,3,17,0,1.28,1.28,0,1.28,0.46,0.71,1.17,0.46,1.17
139,Fran Kirby,ENG,"MF,FW",Chelsea,1993,31,15,7,653,7.3,2,2,4,2,0,0,0,0,3.1,3.1,3.9,7,14,60,73,0.28,0.28,0.55,0.28,0.55,0.42,0.54,0.97,0.42,0.97
140,Emma Koivisto,FIN,"DF,MF",Liverpool,1994,30,13,12,965,10.7,2,0,2,2,0,0,2,0,1.1,1.1,0.3,1.4,15,36,45,0.19,0,0.19,0.19,0.19,0.1,0.03,0.13,0.1,0.13
141,Lize Kop,NED,GK,Leicester City,1998,26,4,4,360,4,0,0,0,0,0,0,0,0,0,0,0,0,0,0,0,0,0,0,0,0,0,0,0,0,0
142,Kathrine Kühl,DEN,"MF,FW",Arsenal,2003,21,2,0,6,0.1,0,0,0,0,0,0,0,0,0,0,0,0,1,0,1,0,0,0,0,0,0,0,0,0,0
143,Kathrine Kühl,DEN,MF,Everton,2003,21,4,4,330,3.7,0,1,1,0,0,0,0,0,0.1,0.1,0,0.2,1,10,5,0,0.27,0.27,0,0.27,0.04,0.01,0.04,0.04,0.04
144,Emma Kullberg,SWE,DF,Brighton,1991,33,14,13,1173,13,0,0,0,0,0,0,0,0,0,0,0.1,0.1,12,55,29,0,0,0,0,0,0,0.01,0.01,0,0.01
145,Cloé Lacasse,CAN,"FW,MF",Arsenal,1993,31,13,4,417,4.6,3,2,5,3,0,0,3,0,2.1,2.1,1.8,3.9,25,18,47,0.65,0.43,1.08,0.65,1.08,0.46,0.39,0.85,0.46,0.85
146,Hayley Ladd,WAL,MF,Manchester Utd,1993,31,9,7,558,6.2,2,0,2,2,0,0,1,0,0.8,0.8,0.3,1.2,3,22,4,0.32,0,0.32,0.32,0.32,0.14,0.05,0.19,0.14,0.19
147,Melissa Lawley,ENG,FW,Liverpool,1994,30,12,5,483,5.4,1,2,3,1,0,0,2,0,0.2,0.2,1,1.3,27,14,41,0.19,0.37,0.56,0.19,0.56,0.04,0.19,0.24,0.04,0.24
148,Ashley Lawrence,CAN,"DF,MF",Chelsea,1995,29,11,6,612,6.8,1,0,1,1,0,0,0,0,0.9,0.9,0.1,1,12,34,36,0.15,0,0.15,0.15,0.15,0.14,0.01,0.15,0.14,0.15
149,Rachael Laws,ENG,GK,Liverpool,1990,34,11,11,990,11,0,0,0,0,0,0,0,0,0,0,0,0,0,0,0,0,0,0,0,0,0,0,0,0,0
150,Naomi Layzell,ENG,DF,Bristol City,2004,20,13,13,1170,13,0,1,1,0,0,0,0,0,0.4,0.4,0.1,0.6,9,25,2,0,0.08,0.08,0,0.08,0.03,0.01,0.04,0.03,0.04
151,Maya Le Tissier,ENG,DF,Manchester Utd,2002,22,15,15,1350,15,1,1,2,1,0,0,1,0,0.3,0.3,0.5,0.8,4,56,1,0.07,0.07,0.13,0.07,0.13,0.02,0.03,0.05,0.02,0.05
152,Anna Leat,NZL,GK,Aston Villa,2001,23,1,1,90,1,0,0,0,0,0,0,0,0,0,0,0,0,0,0,0,0,0,0,0,0,0,0,0,0,0
153,Alisha Lehmann,SUI,FW,Aston Villa,1999,25,10,7,443,4.9,0,0,0,0,0,0,1,0,1.1,1.1,0.1,1.2,2,6,42,0,0,0,0,0,0.22,0.02,0.24,0.22,0.24
154,Janina Leitzig,GER,GK,Leicester City,1999,25,11,11,990,11,0,0,0,0,0,0,0,0,0,0,0,0,0,0,0,0,0,0,0,0,0,0,0,0,0
155,Adriana Leon,CAN,FW,Aston Villa,1992,32,12,10,787,8.7,4,1,5,4,0,0,5,0,2.3,2.3,2.6,4.9,31,12,82,0.46,0.11,0.57,0.46,0.57,0.26,0.3,0.56,0.26,0.56
156,Melanie Leupolz,GER,MF,Chelsea,1994,30,7,5,489,5.4,0,2,2,0,0,0,1,0,1.1,1.1,0.9,2,4,49,19,0,0.37,0.37,0,0.37,0.2,0.17,0.36,0.2,0.36
157,Zhang Linyan,CHN,"MF,FW",Tottenham,2001,23,3,1,57,0.6,0,0,0,0,0,0,0,0,0.2,0.2,0,0.2,2,1,3,0,0,0,0,0,0.24,0,0.24,0.24,0.24
158,Kim Little,SCO,"MF,FW",Arsenal,1990,34,10,8,702,7.8,1,0,1,0,1,2,0,0,1.8,0.2,0.9,1.2,13,50,27,0.13,0,0.13,0,0,0.23,0.12,0.35,0.03,0.15
159,Vicky Losada,ESP,MF,Brighton,1991,33,15,14,1133,12.6,1,1,2,0,1,1,3,0,1,0.2,1,1.2,3,53,18,0.08,0.08,0.16,0,0.08,0.08,0.08,0.16,0.02,0.1
160,Sofie Lundgaard,DEN,"MF,FW",Liverpool,2002,22,10,2,224,2.5,0,0,0,0,0,0,1,0,0.2,0.2,0.2,0.4,1,7,5,0,0,0,0,0,0.07,0.07,0.14,0.07,0.14
161,Frida Maanum,NOR,"MF,FW",Arsenal,1999,25,15,5,541,6,2,0,2,2,0,0,1,0,1.8,1.8,1.3,3,14,34,53,0.33,0,0.33,0.33,0.33,0.3,0.21,0.51,0.3,0.51
162,Catarina Macario,USA,FW,Chelsea,1999,25,1,0,19,0.2,1,0,1,1,0,0,0,0,0.2,0.2,0.1,0.3,0,0,3,4.74,0,4.74,4.74,4.74,0.89,0.63,1.52,0.89,1.52
163,Ruby Mace,ENG,"MF,DF",Manchester City,2003,21,4,0,58,0.6,0,0,0,0,0,0,0,0,0.1,0.1,0.1,0.2,1,2,4,0,0,0,0,0,0.09,0.21,0.3,0.09,0.3
164,Rikke Madsen,DEN,"FW,MF",Everton,1997,27,5,4,267,3,0,0,0,0,0,0,0,0,0.7,0.7,0.3,0.9,2,3,19,0,0,0,0,0,0.22,0.09,0.31,0.22,0.31
165,Simone Magill,NIR,"MF,FW",Aston Villa,1994,30,10,4,352,3.9,0,1,1,0,0,0,0,0,0.3,0.3,0.2,0.5,7,5,30,0,0.26,0.26,0,0.26,0.07,0.05,0.13,0.07,0.13
166,Melvine Malard,FRA,FW,Manchester Utd,2000,24,13,7,560,6.2,4,1,5,4,0,0,1,0,2.9,2.9,1,3.9,15,19,44,0.64,0.16,0.8,0.64,0.8,0.47,0.16,0.63,0.47,0.63
167,Kaylan Marckese,USA,GK,Bristol City,1998,26,4,4,314,3.5,0,0,0,0,0,0,0,0,0,0,0,0,0,0,0,0,0,0,0,0,0,0,0,0,0
168,Noelle Maritz,SUI,"DF,MF",Arsenal,1995,29,8,4,396,4.4,0,0,0,0,0,0,1,0,0,0,0.4,0.4,7,27,27,0,0,0,0,0,0,0.09,0.09,0,0.09
169,Noelle Maritz,SUI,DF,Aston Villa,1995,29,5,5,423,4.7,0,0,0,0,0,0,1,0,0.1,0.1,0,0.1,3,26,10,0,0,0,0,0,0.02,0,0.02,0.02,0.02
170,Jasmine Matthews,ENG,DF,Liverpool,1993,31,9,5,545,6.1,0,1,1,0,0,0,1,0,0.3,0.3,0.4,0.7,6,13,16,0,0.17,0.17,0,0.17,0.05,0.06,0.12,0.05,0.12
171,Sarah Mayling,ENG,DF,Aston Villa,1997,27,15,14,1243,13.8,1,0,1,0,1,1,3,0,0.9,0.1,0.5,0.5,15,63,35,0.07,0,0.07,0,0,0.06,0.03,0.1,0,0.04
172,Katie McCabe,IRL,"DF,MF",Arsenal,1995,29,14,13,1120,12.4,3,1,4,3,0,0,7,0,1.5,1.5,2.8,4.3,26,93,80,0.24,0.08,0.32,0.24,0.32,0.12,0.22,0.35,0.12,0.35
173,Olivia McLoughlin,ENG,"MF,DF",Aston Villa,2004,20,3,0,24,0.3,0,0,0,0,0,0,0,0,0,0,0,0,1,2,0,0,0,0,0,0,0,0,0,0,0
174,Beth Mead,ENG,FW,Arsenal,1995,29,13,9,772,8.6,4,2,6,4,0,0,0,0,4.3,4.3,2.8,7.1,20,36,109,0.47,0.23,0.7,0.47,0.7,0.5,0.32,0.83,0.5,0.83
175,Li Mengwen,CHN,DF,Brighton,1995,29,5,3,229,2.5,0,0,0,0,0,0,0,0,0.1,0.1,0,0.1,4,7,6,0,0,0,0,0,0.04,0,0.04,0.04,0.04
176,Kristie Mewis,USA,"MF,FW",West Ham,1991,33,3,0,95,1.1,0,1,1,0,0,0,0,0,0.2,0.2,0,0.2,0,6,2,0,0.95,0.95,0,0.95,0.17,0.04,0.2,0.17,0.2
177,Teagan Micah,AUS,GK,Liverpool,1997,27,4,4,360,4,0,0,0,0,0,0,1,0,0,0,0,0,0,0,0,0,0,0,0,0,0,0,0,0,0
178,Vivianne Miedema,NED,MF,Arsenal,1996,28,7,3,252,2.8,1,0,1,1,0,0,0,0,0.9,0.9,0.6,1.5,7,16,14,0.36,0,0.36,0.36,0.36,0.33,0.21,0.54,0.33,0.54
179,Hinata Miyazawa,JPN,MF,Manchester Utd,1999,25,8,5,420,4.7,1,1,2,1,0,0,0,0,1,1,0.4,1.3,4,20,21,0.21,0.21,0.43,0.21,0.43,0.21,0.08,0.29,0.21,0.29
180,Maren Mjelde,NOR,DF,Chelsea,1989,35,6,5,406,4.5,0,0,0,0,0,0,0,0,0.1,0.1,0.1,0.3,1,10,2,0,0,0,0,0,0.03,0.03,0.06,0.03,0.06
181,Yuka Momiki,JPN,"MF,FW",Leicester City,1996,28,5,5,419,4.7,1,1,2,1,0,0,1,0,0.5,0.5,1.2,1.8,7,29,28,0.21,0.21,0.43,0.21,0.43,0.12,0.27,0.38,0.12,0.38
182,Esme Morgan,ENG,DF,Manchester City,2000,24,7,5,525,5.8,0,0,0,0,0,0,0,0,0.2,0.2,0.1,0.3,6,52,10,0,0,0,0,0,0.03,0.01,0.04,0.03,0.04
183,Ffion Morgan,WAL,"MF,FW",Bristol City,2000,24,15,12,1120,12.4,1,2,3,1,0,0,0,0,0.6,0.6,2.1,2.7,29,27,52,0.08,0.16,0.24,0.08,0.24,0.05,0.17,0.22,0.05,0.22
184,Georgia Mullett,ENG,"FW,MF",Aston Villa,2005,19,2,0,36,0.4,0,0,0,0,0,0,0,0,0,0,0,0,0,0,0,0,0,0,0,0,0,0,0,0,0
185,Satara Murray,JAM,DF,Bristol City,1993,31,4,2,167,1.9,0,0,0,0,0,0,1,0,0.1,0.1,0,0.1,0,2,0,0,0,0,0,0,0.08,0,0.08,0.08,0.08
186,Zećira Mušović,SWE,GK,Chelsea,1996,28,4,4,360,4,0,0,0,0,0,0,0,0,0,0,0,0,0,0,0,0,0,0,0,0,0,0,0,0,0
187,Chloe Mustaki,IRL,DF,Bristol City,1995,29,6,5,451,5,0,0,0,0,0,0,0,0,0.1,0.1,0,0.1,2,10,3,0,0,0,0,0,0.01,0,0.01,0.01,0.01
188,Lisa Naalsund,NOR,MF,Manchester Utd,1995,29,10,4,432,4.8,0,1,1,0,0,0,0,0,0.1,0.1,0.8,1,15,26,20,0,0.21,0.21,0,0.21,0.03,0.17,0.2,0.03,0.2
189,Fūka Nagano,JPN,MF,Liverpool,1999,25,15,15,1316,14.6,0,0,0,0,0,0,1,0,0.2,0.2,0.3,0.5,6,67,11,0,0,0,0,0,0.01,0.02,0.03,0.01,0.03
190,Jamie-Lee Napier,SCO,"DF,MF",Bristol City,2000,24,13,12,1111,12.3,0,1,1,0,0,0,4,0,0.6,0.6,0.2,0.8,19,26,35,0,0.08,0.08,0,0.08,0.05,0.01,0.06,0.05,0.06
191,Jessica Naz,ENG,"FW,MF",Tottenham,2000,24,15,4,555,6.2,1,2,3,1,0,0,2,0,1.1,1.1,0.7,1.9,27,10,49,0.16,0.32,0.49,0.16,0.49,0.19,0.12,0.3,0.19,0.3
192,Ashleigh Neville,ENG,DF,Tottenham,1993,31,12,12,1050,11.7,1,0,1,1,0,0,1,0,0.6,0.6,0.8,1.4,32,57,27,0.09,0,0.09,0.09,0.09,0.05,0.07,0.12,0.05,0.12
193,Courtney Nevin,AUS,"DF,MF",Leicester City,2002,22,14,13,1142,12.7,0,1,1,0,0,0,3,0,0.2,0.2,1,1.2,9,50,32,0,0.08,0.08,0,0.08,0.02,0.08,0.1,0.02,0.1
194,Amanda Nildén,SWE,DF,Tottenham,1998,26,4,4,360,4,0,0,0,0,0,0,0,0,0.5,0.5,0.4,0.9,8,16,9,0,0,0,0,0,0.13,0.1,0.23,0.13,0.23
195,Jordan Nobbs,ENG,MF,Aston Villa,1992,32,15,10,869,9.7,2,0,2,2,0,0,2,0,1.7,1.7,0.4,2.1,11,68,50,0.21,0,0.21,0.21,0.21,0.18,0.04,0.22,0.18,0.22
196,Aniek Nouwen,NED,DF,Chelsea,1999,25,1,0,5,0.1,0,0,0,0,0,0,0,0,0,0,0.1,0.1,1,0,0,0,0,0,0,0,0,1.51,1.51,0,1.51
197,Sjoeke Nüsken,GER,"MF,DF",Chelsea,2001,23,14,8,720,8,4,2,6,4,0,0,1,0,5.8,5.8,0.8,6.6,9,46,47,0.5,0.25,0.75,0.5,0.75,0.72,0.1,0.82,0.72,0.82
198,Karoline Olesen,DEN,"MF,FW",Everton,2005,19,12,3,367,4.1,0,1,1,0,0,0,1,0,0,0,0.4,0.4,5,23,9,0,0.25,0.25,0,0.25,0,0.1,0.1,0,0.1
199,Leila Ouahabi,ESP,DF,Manchester City,1993,31,11,11,931,10.3,0,2,2,0,0,0,1,1,0.2,0.2,0.7,0.9,7,58,33,0,0.19,0.19,0,0.19,0.02,0.06,0.09,0.02,0.09
200,Shannon O’Brien,ENG,"FW,DF",Leicester City,2001,23,8,8,509,5.7,0,0,0,0,0,0,3,0,1.8,1.8,0.7,2.5,12,7,52,0,0,0,0,0,0.31,0.13,0.44,0.31,0.44
201,Mayumi Pacheco,ENG,DF,Aston Villa,1998,26,13,10,959,10.7,1,2,3,1,0,0,4,1,1,1,0.4,1.4,15,67,32,0.09,0.19,0.28,0.09,0.28,0.09,0.04,0.13,0.09,0.13
202,Aimee Palmer,ENG,MF,Leicester City,2000,24,7,4,308,3.4,1,0,1,1,0,0,1,0,0.2,0.2,0.2,0.4,0,15,9,0.29,0,0.29,0.29,0.29,0.05,0.05,0.1,0.05,0.1
203,Jessica Park,ENG,"MF,FW",Manchester City,2001,23,11,2,339,3.8,0,2,2,0,0,0,0,0,1.1,1.1,1.4,2.5,13,28,25,0,0.53,0.53,0,0.53,0.3,0.36,0.66,0.3,0.66
204,Lucy Parker,ENG,"MF,DF",Aston Villa,1998,26,6,4,385,4.3,1,0,1,1,0,0,2,0,0.7,0.7,0.6,1.3,7,16,5,0.23,0,0.23,0.23,0.23,0.16,0.14,0.3,0.16,0.3
205,Nikita Parris,ENG,FW,Manchester Utd,1994,30,14,11,837,9.3,8,1,9,8,0,0,1,0,3.8,3.8,1.6,5.5,15,22,63,0.86,0.11,0.97,0.86,0.97,0.41,0.18,0.59,0.41,0.59
206,Lucy Parry,ENG,"DF,MF",Liverpool,2004,20,6,0,61,0.7,0,0,0,0,0,0,0,0,0,0,0,0.1,6,7,3,0,0,0,0,0,0.05,0.05,0.1,0.05,0.1
207,Anna Patten,ENG,DF,Aston Villa,1999,25,15,15,1350,15,1,1,2,1,0,0,2,0,0.9,0.9,0.4,1.3,6,68,7,0.07,0.07,0.13,0.07,0.13,0.06,0.03,0.09,0.06,0.09
208,Poppy Pattinson,ENG,"DF,MF",Brighton,2000,24,10,9,721,8,0,1,1,0,0,0,0,0,0.2,0.2,1.2,1.4,16,33,24,0,0.12,0.12,0,0.12,0.03,0.15,0.17,0.03,0.17
209,Heather Payne,IRL,"DF,FW",Everton,2000,24,15,13,1170,13,0,0,0,0,0,0,3,0,0.2,0.2,1.7,2,43,26,53,0,0,0,0,0,0.02,0.13,0.15,0.02,0.15
210,Emilia Pelgander,SWE,MF,Leicester City,2004,20,3,0,20,0.2,0,0,0,0,0,0,0,0,0,0,0,0,1,0,4,0,0,0,0,0,0,0,0,0,0
211,Victoria Pelova,NED,MF,Arsenal,1999,25,15,13,993,11,1,5,6,1,0,0,2,0,1.5,1.5,4.2,5.8,20,69,41,0.09,0.45,0.54,0.09,0.54,0.14,0.38,0.53,0.14,0.53
212,Ria Percival,NZL,"MF,FW",Tottenham,1989,35,6,2,174,1.9,1,0,1,1,0,0,0,0,0.3,0.3,0.1,0.4,1,7,4,0.52,0,0.52,0.52,0.52,0.16,0.03,0.19,0.16,0.19
213,Ève Périsset,FRA,"DF,MF",Chelsea,1994,30,10,8,696,7.7,0,1,1,0,0,0,0,0,0.1,0.1,1.8,1.9,10,65,11,0,0.13,0.13,0,0.13,0.02,0.23,0.25,0.02,0.25
214,Lena Petermann,GER,FW,Leicester City,1994,30,13,12,1011,11.2,4,3,7,4,0,0,2,0,3.3,3.3,0.7,4,10,25,67,0.36,0.27,0.62,0.36,0.62,0.29,0.07,0.36,0.29,0.36
215,Ramona Petzelberger,GER,"MF,DF",Tottenham,1992,32,7,1,198,2.2,0,0,0,0,0,0,0,0,0.1,0.1,0,0.1,0,7,12,0,0,0,0,0,0.03,0.02,0.05,0.03,0.05
216,Martina Piemonte,ITA,FW,Everton,1997,27,12,6,586,6.5,2,1,3,2,0,0,1,0,3.1,3.1,0.4,3.5,3,17,40,0.31,0.15,0.46,0.31,0.46,0.48,0.06,0.54,0.48,0.54
217,Tatiana Pinto,POR,"MF,FW",Brighton,1994,30,15,5,540,6,1,0,1,1,0,0,2,0,1.2,1.2,0.3,1.6,8,28,24,0.17,0,0.17,0.17,0.17,0.21,0.05,0.26,0.21,0.26
218,Ella Powell,WAL,DF,Bristol City,2000,24,15,14,1122,12.5,1,0,1,1,0,0,3,0,0.6,0.6,0.2,0.7,23,33,18,0.08,0,0.08,0.08,0.08,0.05,0.01,0.06,0.05,0.06
219,Mayra Ramírez,COL,FW,Chelsea,1999,25,4,3,263,2.9,1,0,1,1,0,0,0,0,1.6,1.6,0.7,2.3,8,7,19,0.34,0,0.34,0.34,0.34,0.53,0.25,0.78,0.53,0.78
220,Emily Ramsey,ENG,GK,Everton,2000,24,2,2,180,2,0,0,0,0,0,0,0,0,0,0,0,0,0,0,0,0,0,0,0,0,0,0,0,0,0
221,Jutta Rantala,FIN,"MF,FW",Leicester City,1999,25,15,13,1131,12.6,5,4,9,5,0,0,1,0,2.7,2.7,2.4,5,28,59,76,0.4,0.32,0.72,0.4,0.72,0.21,0.19,0.4,0.21,0.4
222,Guro Reiten,NOR,"FW,MF",Chelsea,1994,30,9,8,649,7.2,3,1,4,1,2,2,0,0,4.1,2.5,2.5,5.1,12,24,88,0.42,0.14,0.55,0.14,0.28,0.57,0.35,0.92,0.35,0.71
223,Jayde Riviere,CAN,DF,Manchester Utd,2001,23,11,9,863,9.6,0,1,1,0,0,0,3,0,0.1,0.1,1.8,1.9,14,41,30,0,0.1,0.1,0,0.1,0.01,0.19,0.2,0.01,0.2
224,Katie Robinson,ENG,"MF,FW",Brighton,2002,22,15,13,1121,12.5,2,2,4,2,0,0,0,0,0.6,0.6,1.5,2.2,37,24,75,0.16,0.16,0.32,0.16,0.32,0.05,0.12,0.17,0.05,0.17
225,Amy Rodgers,SCO,MF,Bristol City,2000,24,15,15,1302,14.5,1,0,1,1,0,0,2,0,0.5,0.5,0.5,1,7,43,9,0.07,0,0.07,0.07,0.07,0.04,0.03,0.07,0.04,0.07
226,Sophie Román Haug,NOR,FW,Liverpool,1999,25,13,12,1008,11.2,4,2,6,4,0,0,0,0,4.5,4.5,1.9,6.4,5,29,63,0.36,0.18,0.54,0.36,0.54,0.4,0.17,0.57,0.4,0.57
227,Jill Roord,NED,MF,Manchester City,1997,27,11,11,912,10.1,6,2,8,6,0,0,2,0,4.6,4.6,1,5.6,12,65,53,0.59,0.2,0.79,0.59,0.79,0.45,0.1,0.55,0.45,0.55
228,Deanne Rose,CAN,"FW,MF",Leicester City,1999,25,10,1,303,3.4,0,1,1,0,0,0,0,0,0.8,0.8,0.6,1.4,15,10,38,0,0.3,0.3,0,0.3,0.23,0.18,0.4,0.23,0.4
229,Charlize Rule,AUS,"MF,DF",Brighton,2003,21,9,3,403,4.5,0,0,0,0,0,0,0,0,0.1,0.1,0.1,0.2,10,16,10,0,0,0,0,0,0.02,0.03,0.04,0.02,0.04
230,Alessia Russo,ENG,FW,Arsenal,1999,25,15,14,1180,13.1,6,3,9,5,1,1,2,0,6.8,6,2.3,8.3,23,40,99,0.46,0.23,0.69,0.38,0.61,0.52,0.18,0.69,0.46,0.63
231,Johanna Rytting Kaneryd,SWE,"FW,MF",Chelsea,1997,27,12,9,783,8.7,3,4,7,3,0,0,0,0,2.2,2.2,2.8,5,38,31,114,0.34,0.46,0.8,0.34,0.8,0.25,0.33,0.58,0.25,0.58
232,Ebony Salmon,ENG,"FW,MF",Aston Villa,2001,23,12,1,296,3.3,1,0,1,1,0,0,0,0,0.6,0.6,0.2,0.8,6,6,34,0.3,0,0.3,0.3,0.3,0.18,0.06,0.25,0.18,0.25
233,Shanice van de Sanden,NED,FW,Liverpool,1992,32,9,5,478,5.3,1,0,1,1,0,0,1,0,1.2,1.2,0.1,1.4,7,10,55,0.19,0,0.19,0.19,0.19,0.23,0.02,0.25,0.23,0.25
234,Veatriki Sarri,GRE,"FW,MF",Brighton,1998,26,13,6,543,6,0,1,1,0,0,0,1,0,0.4,0.4,0.4,0.9,13,10,38,0,0.17,0.17,0,0.17,0.07,0.07,0.14,0.07,0.14
235,Khadija Shaw,JAM,FW,Manchester City,1997,27,14,13,1068,11.9,15,3,18,15,0,1,0,0,9.5,8.7,1.8,10.5,25,35,80,1.26,0.25,1.52,1.26,1.52,0.8,0.15,0.96,0.73,0.89
236,Risa Shimizu,JPN,"DF,MF",West Ham,1996,28,15,15,1350,15,1,0,1,1,0,0,2,0,0.4,0.4,0.5,0.9,9,74,22,0.07,0,0.07,0.07,0.07,0.02,0.04,0.06,0.02,0.06
237,Wang Shuang,CHN,MF,Tottenham,1995,29,3,0,54,0.6,0,0,0,0,0,0,1,0,0.2,0.2,0.1,0.3,3,3,3,0,0,0,0,0,0.38,0.17,0.55,0.38,0.55
238,Remy Siemsen,AUS,"FW,MF",Leicester City,1999,25,4,0,77,0.9,0,0,0,0,0,0,0,0,0,0,0,0,0,2,5,0,0,0,0,0,0,0,0,0,0
239,Jessica Simpson,ENG,DF,Bristol City,2005,19,1,0,5,0.1,0,0,0,0,0,0,0,0,0,0,0,0,0,0,0,0,0,0,0,0,0,0,0,0,0
240,Fearne Slocombe,ENG,DF,Bristol City,2006,18,1,0,1,0,0,0,0,0,0,0,0,0,0,0,0,0,1,0,1,0,0,0,0,0,0,0,0,0,0
241,Kirsty Smith,SCO,"DF,MF",West Ham,1994,30,15,15,1327,14.7,1,0,1,1,0,0,2,0,0.8,0.8,1.2,2.1,24,50,46,0.07,0,0.07,0.07,0.07,0.05,0.08,0.14,0.05,0.14
242,Emma Snerle,DEN,"MF,FW",West Ham,2001,23,5,1,200,2.2,0,1,1,0,0,0,1,0,0,0,0.2,0.3,2,6,7,0,0.45,0.45,0,0.45,0.02,0.11,0.13,0.02,0.13
243,Katja Snoeijs,NED,"FW,MF",Everton,1996,28,12,10,890,9.9,1,0,1,1,0,0,1,0,2.2,2.2,0.8,3,14,19,41,0.1,0,0.1,0.1,0.1,0.23,0.08,0.3,0.23,0.3
244,Drew Spence,JAM,"MF,FW",Tottenham,1992,32,6,4,339,3.8,0,1,1,0,0,0,2,0,0.4,0.4,1.1,1.6,7,22,22,0,0.27,0.27,0,0.27,0.12,0.3,0.41,0.12,0.41
245,Rebecca Spencer,JAM,GK,Tottenham,1991,33,10,10,900,10,0,0,0,0,0,0,0,0,0,0,0,0,0,0,0,0,0,0,0,0,0,0,0,0,0
246,Lucy Staniforth,ENG,MF,Aston Villa,1992,32,11,8,738,8.2,0,1,1,0,0,0,0,0,0.2,0.2,0.6,0.7,4,46,20,0,0.12,0.12,0,0.12,0.02,0.07,0.09,0.02,0.09
247,Jessie Stapleton,IRL,DF,West Ham,2005,19,1,0,1,0,0,0,0,0,0,0,0,0,0,0,0,0,0,0,0,0,0,0,0,0,0,0,0,0,0
248,Elise Stenevik,NOR,DF,Everton,1999,25,6,6,539,6,0,0,0,0,0,0,1,0,0.3,0.3,0.5,0.8,4,21,3,0,0,0,0,0,0.06,0.08,0.13,0.06,0.13
249,Demi Stokes,ENG,DF,Manchester City,1991,33,2,0,10,0.1,0,0,0,0,0,0,0,0,0,0,0,0,0,1,0,0,0,0,0,0,0,0,0,0,0
250,Sarah Stratigakis,CAN,MF,Bristol City,1999,25,1,0,4,0,0,0,0,0,0,0,0,0,0,0,0,0,0,0,1,0,0,0,0,0,0,0,0,0,0
251,Abbey-Leigh Stringer,ENG,MF,West Ham,1995,29,8,7,625,6.9,0,0,0,0,0,0,2,0,0.1,0.1,0.1,0.2,0,17,5,0,0,0,0,0,0.01,0.02,0.03,0.01,0.03
252,Sille Struck,,DF,Bristol City,1998,26,4,4,331,3.7,0,0,0,0,0,0,0,0,0.1,0.1,0,0.1,0,8,0,0,0,0,0,0,0.02,0.01,0.03,0.02,0.03
253,Eveliina Summanen,FIN,MF,Tottenham,1998,26,13,13,1141,12.7,1,3,4,1,0,0,2,0,0.5,0.5,0.8,1.3,3,68,11,0.08,0.24,0.32,0.08,0.32,0.04,0.06,0.1,0.04,0.1
254,Emily Syme,ENG,MF,Bristol City,2000,24,15,4,470,5.2,0,1,1,0,0,0,0,0,0.3,0.3,0.6,0.9,8,12,17,0,0.19,0.19,0,0.19,0.06,0.11,0.17,0.06,0.17
255,Maisie Symonds,ENG,MF,Brighton,2003,21,13,6,544,6,0,3,3,0,0,0,1,0,0.3,0.3,1.6,1.8,4,27,13,0,0.5,0.5,0,0.5,0.05,0.26,0.3,0.05,0.3
256,Nicoline Sørensen,DEN,"FW,MF",Everton,1997,27,9,8,646,7.2,0,0,0,0,0,0,0,0,1,1,0.2,1.2,21,19,51,0,0,0,0,0,0.14,0.03,0.17,0.14,0.17
257,Saori Takarada,JPN,MF,Leicester City,1999,25,5,5,447,5,1,0,1,1,0,0,1,0,0.8,0.8,0,0.8,1,36,5,0.2,0,0.2,0.2,0.2,0.15,0.01,0.16,0.15,0.16
258,Miri Taylor,ENG,"FW,MF",Liverpool,2000,24,3,1,82,0.9,1,0,1,1,0,0,0,0,0.3,0.3,0,0.3,0,1,8,1.1,0,1.1,1.1,1.1,0.32,0,0.32,0.32,0.32
259,Miri Taylor,ENG,MF,Aston Villa,2000,24,1,0,6,0.1,0,0,0,0,0,0,0,0,0,0,0,0,1,2,0,0,0,0,0,0,0,0,0,0,0
260,Tianna Teisar,WAL,FW,Bristol City,2005,19,1,0,12,0.1,0,0,0,0,0,0,0,0,0,0,0,0,0,1,0,0,0,0,0,0,0,0,0,0,0
261,Elisabeth Terland,NOR,FW,Brighton,2001,23,15,14,1166,13,11,1,12,11,0,0,2,0,5.9,5.9,0.5,6.4,19,28,55,0.85,0.08,0.93,0.85,0.93,0.45,0.04,0.49,0.45,0.49
262,Amalie Thestrup,DEN,"FW,MF",Bristol City,1995,29,15,15,1296,14.4,9,0,9,7,2,2,1,0,5.5,3.9,0.7,4.6,10,14,41,0.62,0,0.62,0.49,0.49,0.38,0.05,0.43,0.27,0.32
263,Julie Thibaud,FRA,DF,Leicester City,1998,26,14,12,1049,11.7,0,0,0,0,0,0,2,0,0,0,0.4,0.4,9,50,5,0,0,0,0,0,0,0.03,0.03,0,0.03
264,Martha Thomas,SCO,FW,Tottenham,1996,28,15,15,1231,13.7,7,2,9,7,0,0,3,0,5.5,5.5,1,6.5,23,22,87,0.51,0.15,0.66,0.51,0.66,0.4,0.08,0.48,0.4,0.48
265,Maria Thorisdottir,NOR,DF,Brighton,1993,31,15,15,1339,14.9,0,2,2,0,0,0,2,0,0,0,0.8,0.8,4,28,0,0,0.13,0.13,0,0.13,0,0.05,0.05,0,0.05
266,Samantha Tierney,ENG,MF,Leicester City,1998,26,15,15,1350,15,2,3,5,2,0,0,2,0,2.4,2.4,1.7,4.1,10,64,48,0.13,0.2,0.33,0.13,0.33,0.16,0.11,0.27,0.16,0.27
267,Ella Toone,ENG,MF,Manchester Utd,1999,25,15,14,1205,13.4,3,4,7,3,0,0,1,0,2.4,2.4,2.2,4.6,24,101,87,0.22,0.3,0.52,0.22,0.52,0.18,0.16,0.34,0.18,0.34
268,Amy Turner,ENG,DF,Tottenham,1991,33,8,6,622,6.9,1,0,1,1,0,0,0,0,0.3,0.3,0,0.3,1,10,2,0.14,0,0.14,0.14,0.14,0.04,0,0.04,0.04,0.04
269,Danielle Turner,ENG,DF,Aston Villa,1991,33,12,9,845,9.4,1,0,1,1,0,0,0,0,0.3,0.3,0.2,0.5,4,37,4,0.11,0,0.11,0.11,0.11,0.03,0.02,0.05,0.03,0.05
270,Millie Turner,ENG,DF,Manchester Utd,1996,28,15,15,1301,14.5,1,1,2,1,0,0,1,0,1.8,1.8,0.2,2,2,45,4,0.07,0.07,0.14,0.07,0.14,0.12,0.02,0.14,0.12,0.14
271,Amber Tysiak,BEL,DF,West Ham,2000,24,10,9,791,8.8,1,0,1,1,0,0,1,0,0.6,0.6,0.2,0.8,0,12,0,0.11,0,0.11,0.11,0.11,0.07,0.02,0.09,0.07,0.09
272,Riko Ueki,JPN,FW,West Ham,1999,25,15,15,1240,13.8,3,0,3,3,0,0,3,0,3.8,3.8,1,4.8,29,30,103,0.22,0,0.22,0.22,0.22,0.27,0.07,0.35,0.27,0.35
273,Justine Vanhaevermaet,BEL,"DF,MF",Everton,1992,32,12,10,904,10,0,0,0,0,0,1,3,0,2.3,1.5,0.4,1.9,4,37,5,0,0,0,0,0,0.23,0.04,0.27,0.15,0.19
274,Katrine Veje,DEN,DF,Everton,1991,33,8,8,683,7.6,0,1,1,0,0,0,0,0,0,0,0.6,0.6,9,33,10,0,0.13,0.13,0,0.13,0,0.07,0.08,0,0.08
275,Matilda Vinberg,SWE,"MF,FW",Tottenham,2003,21,4,0,42,0.5,0,0,0,0,0,0,0,0,0,0,0.1,0.1,2,1,7,0,0,0,0,0,0,0.27,0.27,0,0.27
276,Barbora Votíková,CZE,GK,Tottenham,1996,28,5,5,450,5,0,0,0,0,0,0,1,0,0,0,0,0,0,0,0,0,0,0,0,0,0,0,0,0,0
277,Megan Walsh,IRL,GK,West Ham,1994,30,3,3,270,3,0,0,0,0,0,0,0,0,0,0,0,0,0,0,0,0,0,0,0,0,0,0,0,0,0
278,Lia Wälti,SUI,MF,Arsenal,1993,31,14,12,1077,12,0,3,3,0,0,0,2,0,0.4,0.4,0.7,1.1,7,92,17,0,0.25,0.25,0,0.25,0.03,0.06,0.09,0.03,0.09
279,Mari Ward,ENG,"MF,DF",Bristol City,2006,18,14,1,302,3.4,0,0,0,0,0,0,0,0,0.2,0.2,0.1,0.3,4,13,20,0,0,0,0,0,0.07,0.03,0.1,0.07,0.1
280,Clare Wheeler,AUS,"DF,MF",Everton,1998,26,15,12,1164,12.9,0,0,0,0,0,0,1,0,0.1,0.1,0.3,0.3,11,37,22,0,0,0,0,0,0,0.02,0.03,0,0.03
281,Aileen Whelan,ENG,"FW,MF",Leicester City,1991,33,14,9,850,9.4,1,1,2,1,0,0,1,0,1.3,1.3,0.7,2,8,21,50,0.11,0.11,0.21,0.11,0.21,0.13,0.08,0.21,0.13,0.21
282,Rachel Williams,ENG,"FW,MF",Manchester Utd,1988,36,15,1,368,4.1,5,0,5,5,0,0,0,0,3.6,3.6,0.6,4.3,2,4,15,1.22,0,1.22,1.22,1.22,0.89,0.15,1.04,0.89,1.04
283,Leah Williamson,ENG,DF,Arsenal,1997,27,2,1,63,0.7,0,0,0,0,0,0,0,0,0,0,0,0,1,7,0,0,0,0,0,0,0,0,0,0,0
284,Jessica Wooley,ENG,MF,Bristol City,2001,23,1,0,4,0,0,0,0,0,0,0,0,0,0,0,0,0,1,0,0,0,0,0,0,0,0,0,0,0,0
285,Lotte Wubben-Moy,ENG,DF,Arsenal,1999,25,15,14,1242,13.8,0,0,0,0,0,0,4,0,1.1,1.1,0.2,1.3,8,101,5,0,0,0,0,0,0.08,0.01,0.09,0.08,0.09
286,Shae Yanez,USA,GK,Bristol City,1997,27,4,4,360,4,0,0,0,0,0,0,1,0,0,0,0,0,0,0,0,0,0,0,0,0,0,0,0,0,0
287,Shelina Zadorsky,CAN,DF,West Ham,1992,32,3,3,270,3,0,0,0,0,0,0,0,0,0,0,0.1,0.1,0,6,0,0,0,0,0,0,0.02,0.03,0.04,0.02,0.04
288,Shelina Zadorsky,CAN,DF,Tottenham,1992,32,2,1,118,1.3,0,0,0,0,0,0,0,0,0,0,0,0,1,2,1,0,0,0,0,0,0,0,0,0,0
289,Katie Zelem,ENG,MF,Manchester Utd,1996,28,15,15,1350,15,1,3,4,0,1,1,3,0,1.4,0.6,4.5,5.1,2,97,19,0.07,0.2,0.27,0,0.2,0.09,0.3,0.39,0.04,0.34
290,Julia Zigiotti Olme,SWE,MF,Brighton,1997,27,13,11,1012,11.2,0,0,0,0,0,0,1,0,0.5,0.5,0.2,0.8,5,58,20,0,0,0,0,0,0.04,0.02,0.07,0.04,0.07
291,Manuela Zinsberger,AUT,GK,Arsenal,1995,29,13,13,1170,13,0,0,0,0,0,0,0,0,0,0,0,0,0,0,0,0,0,0,0,0,0,0,0,0,0
292,Jessica Ziu,IRL,"MF,FW",West Ham,2002,22,9,6,454,5,0,1,1,0,0,0,1,0,0.6,0.6,1.3,1.9,4,20,24,0,0.2,0.2,0,0.2,0.12,0.25,0.38,0.12,0.38
